index,image
0,Training Data\Coast\Coast-Train (1).jpeg
0,Training Data\Coast\Coast-Train (10).jpeg
0,Training Data\Coast\Coast-Train (100).jpeg
0,Training Data\Coast\Coast-Train (1000).jpeg
0,Training Data\Coast\Coast-Train (1001).jpeg
0,Training Data\Coast\Coast-Train (1002).jpeg
0,Training Data\Coast\Coast-Train (1003).jpeg
0,Training Data\Coast\Coast-Train (1004).jpeg
0,Training Data\Coast\Coast-Train (1005).jpeg
0,Training Data\Coast\Coast-Train (1006).jpeg
0,Training Data\Coast\Coast-Train (1007).jpeg
0,Training Data\Coast\Coast-Train (1008).jpeg
0,Training Data\Coast\Coast-Train (1009).jpeg
0,Training Data\Coast\Coast-Train (101).jpeg
0,Training Data\Coast\Coast-Train (1010).jpeg
0,Training Data\Coast\Coast-Train (1011).jpeg
0,Training Data\Coast\Coast-Train (1012).jpeg
0,Training Data\Coast\Coast-Train (1013).jpeg
0,Training Data\Coast\Coast-Train (1014).jpeg
0,Training Data\Coast\Coast-Train (1015).jpeg
0,Training Data\Coast\Coast-Train (1016).jpeg
0,Training Data\Coast\Coast-Train (1017).jpeg
0,Training Data\Coast\Coast-Train (1018).jpeg
0,Training Data\Coast\Coast-Train (1019).jpeg
0,Training Data\Coast\Coast-Train (102).jpeg
0,Training Data\Coast\Coast-Train (1020).jpeg
0,Training Data\Coast\Coast-Train (1021).jpeg
0,Training Data\Coast\Coast-Train (1022).jpeg
0,Training Data\Coast\Coast-Train (1023).jpeg
0,Training Data\Coast\Coast-Train (1024).jpeg
0,Training Data\Coast\Coast-Train (1025).jpeg
0,Training Data\Coast\Coast-Train (1026).jpeg
0,Training Data\Coast\Coast-Train (1027).jpeg
0,Training Data\Coast\Coast-Train (1028).jpeg
0,Training Data\Coast\Coast-Train (1029).jpeg
0,Training Data\Coast\Coast-Train (103).jpeg
0,Training Data\Coast\Coast-Train (1030).jpeg
0,Training Data\Coast\Coast-Train (1031).jpeg
0,Training Data\Coast\Coast-Train (1032).jpeg
0,Training Data\Coast\Coast-Train (1033).jpeg
0,Training Data\Coast\Coast-Train (1034).jpeg
0,Training Data\Coast\Coast-Train (1035).jpeg
0,Training Data\Coast\Coast-Train (1036).jpeg
0,Training Data\Coast\Coast-Train (1037).jpeg
0,Training Data\Coast\Coast-Train (1038).jpeg
0,Training Data\Coast\Coast-Train (1039).jpeg
0,Training Data\Coast\Coast-Train (104).jpeg
0,Training Data\Coast\Coast-Train (1040).jpeg
0,Training Data\Coast\Coast-Train (1041).jpeg
0,Training Data\Coast\Coast-Train (1042).jpeg
0,Training Data\Coast\Coast-Train (1043).jpeg
0,Training Data\Coast\Coast-Train (1044).jpeg
0,Training Data\Coast\Coast-Train (1045).jpeg
0,Training Data\Coast\Coast-Train (1046).jpeg
0,Training Data\Coast\Coast-Train (1047).jpeg
0,Training Data\Coast\Coast-Train (1048).jpeg
0,Training Data\Coast\Coast-Train (1049).jpeg
0,Training Data\Coast\Coast-Train (105).jpeg
0,Training Data\Coast\Coast-Train (1050).jpeg
0,Training Data\Coast\Coast-Train (1051).jpeg
0,Training Data\Coast\Coast-Train (1052).jpeg
0,Training Data\Coast\Coast-Train (1053).jpeg
0,Training Data\Coast\Coast-Train (1054).jpeg
0,Training Data\Coast\Coast-Train (1055).jpeg
0,Training Data\Coast\Coast-Train (1056).jpeg
0,Training Data\Coast\Coast-Train (1057).jpeg
0,Training Data\Coast\Coast-Train (1058).jpeg
0,Training Data\Coast\Coast-Train (1059).jpeg
0,Training Data\Coast\Coast-Train (106).jpeg
0,Training Data\Coast\Coast-Train (1060).jpeg
0,Training Data\Coast\Coast-Train (1061).jpeg
0,Training Data\Coast\Coast-Train (1062).jpeg
0,Training Data\Coast\Coast-Train (1063).jpeg
0,Training Data\Coast\Coast-Train (1064).jpeg
0,Training Data\Coast\Coast-Train (1065).jpeg
0,Training Data\Coast\Coast-Train (1066).jpeg
0,Training Data\Coast\Coast-Train (1067).jpeg
0,Training Data\Coast\Coast-Train (1068).jpeg
0,Training Data\Coast\Coast-Train (1069).jpeg
0,Training Data\Coast\Coast-Train (107).jpeg
0,Training Data\Coast\Coast-Train (1070).jpeg
0,Training Data\Coast\Coast-Train (1071).jpeg
0,Training Data\Coast\Coast-Train (1072).jpeg
0,Training Data\Coast\Coast-Train (1073).jpeg
0,Training Data\Coast\Coast-Train (1074).jpeg
0,Training Data\Coast\Coast-Train (1075).jpeg
0,Training Data\Coast\Coast-Train (1076).jpeg
0,Training Data\Coast\Coast-Train (1077).jpeg
0,Training Data\Coast\Coast-Train (1078).jpeg
0,Training Data\Coast\Coast-Train (1079).jpeg
0,Training Data\Coast\Coast-Train (108).jpeg
0,Training Data\Coast\Coast-Train (1080).jpeg
0,Training Data\Coast\Coast-Train (1081).jpeg
0,Training Data\Coast\Coast-Train (1082).jpeg
0,Training Data\Coast\Coast-Train (1083).jpeg
0,Training Data\Coast\Coast-Train (1084).jpeg
0,Training Data\Coast\Coast-Train (1085).jpeg
0,Training Data\Coast\Coast-Train (1086).jpeg
0,Training Data\Coast\Coast-Train (1087).jpeg
0,Training Data\Coast\Coast-Train (1088).jpeg
1,Training Data\Desert\Desert-Train (1).jpeg
1,Training Data\Desert\Desert-Train (10).jpeg
1,Training Data\Desert\Desert-Train (100).jpeg
1,Training Data\Desert\Desert-Train (1000).jpeg
1,Training Data\Desert\Desert-Train (1001).jpeg
1,Training Data\Desert\Desert-Train (1002).jpeg
1,Training Data\Desert\Desert-Train (1003).jpeg
1,Training Data\Desert\Desert-Train (1004).jpeg
1,Training Data\Desert\Desert-Train (1005).jpeg
1,Training Data\Desert\Desert-Train (1006).jpeg
1,Training Data\Desert\Desert-Train (1007).jpeg
1,Training Data\Desert\Desert-Train (1008).jpeg
1,Training Data\Desert\Desert-Train (1009).jpeg
1,Training Data\Desert\Desert-Train (101).jpeg
1,Training Data\Desert\Desert-Train (1010).jpeg
1,Training Data\Desert\Desert-Train (1011).jpeg
1,Training Data\Desert\Desert-Train (1012).jpeg
1,Training Data\Desert\Desert-Train (1013).jpeg
1,Training Data\Desert\Desert-Train (1014).jpeg
1,Training Data\Desert\Desert-Train (1015).jpeg
1,Training Data\Desert\Desert-Train (1016).jpeg
1,Training Data\Desert\Desert-Train (1017).jpeg
1,Training Data\Desert\Desert-Train (1018).jpeg
1,Training Data\Desert\Desert-Train (1019).jpeg
1,Training Data\Desert\Desert-Train (102).jpeg
1,Training Data\Desert\Desert-Train (1020).jpeg
1,Training Data\Desert\Desert-Train (1021).jpeg
1,Training Data\Desert\Desert-Train (1022).jpeg
1,Training Data\Desert\Desert-Train (1023).jpeg
1,Training Data\Desert\Desert-Train (1024).jpeg
1,Training Data\Desert\Desert-Train (1025).jpeg
1,Training Data\Desert\Desert-Train (1026).jpeg
1,Training Data\Desert\Desert-Train (1027).jpeg
1,Training Data\Desert\Desert-Train (1028).jpeg
1,Training Data\Desert\Desert-Train (1029).jpeg
1,Training Data\Desert\Desert-Train (103).jpeg
1,Training Data\Desert\Desert-Train (1030).jpeg
1,Training Data\Desert\Desert-Train (1031).jpeg
1,Training Data\Desert\Desert-Train (1032).jpeg
1,Training Data\Desert\Desert-Train (1033).jpeg
1,Training Data\Desert\Desert-Train (1034).jpeg
1,Training Data\Desert\Desert-Train (1035).jpeg
1,Training Data\Desert\Desert-Train (1036).jpeg
1,Training Data\Desert\Desert-Train (1037).jpeg
1,Training Data\Desert\Desert-Train (1038).jpeg
1,Training Data\Desert\Desert-Train (1039).jpeg
1,Training Data\Desert\Desert-Train (104).jpeg
1,Training Data\Desert\Desert-Train (1040).jpeg
1,Training Data\Desert\Desert-Train (1041).jpeg
1,Training Data\Desert\Desert-Train (1042).jpeg
1,Training Data\Desert\Desert-Train (1043).jpeg
1,Training Data\Desert\Desert-Train (1044).jpeg
1,Training Data\Desert\Desert-Train (1045).jpeg
1,Training Data\Desert\Desert-Train (1046).jpeg
1,Training Data\Desert\Desert-Train (1047).jpeg
1,Training Data\Desert\Desert-Train (1048).jpeg
1,Training Data\Desert\Desert-Train (1049).jpeg
1,Training Data\Desert\Desert-Train (105).jpeg
1,Training Data\Desert\Desert-Train (1050).jpeg
1,Training Data\Desert\Desert-Train (1051).jpeg
1,Training Data\Desert\Desert-Train (1052).jpeg
1,Training Data\Desert\Desert-Train (1053).jpeg
1,Training Data\Desert\Desert-Train (1054).jpeg
1,Training Data\Desert\Desert-Train (1055).jpeg
1,Training Data\Desert\Desert-Train (1056).jpeg
1,Training Data\Desert\Desert-Train (1057).jpeg
1,Training Data\Desert\Desert-Train (1058).jpeg
1,Training Data\Desert\Desert-Train (1059).jpeg
1,Training Data\Desert\Desert-Train (106).jpeg
1,Training Data\Desert\Desert-Train (1060).jpeg
1,Training Data\Desert\Desert-Train (1061).jpeg
1,Training Data\Desert\Desert-Train (1062).jpeg
1,Training Data\Desert\Desert-Train (1063).jpeg
1,Training Data\Desert\Desert-Train (1064).jpeg
1,Training Data\Desert\Desert-Train (1065).jpeg
1,Training Data\Desert\Desert-Train (1066).jpeg
1,Training Data\Desert\Desert-Train (1067).jpeg
1,Training Data\Desert\Desert-Train (1068).jpeg
1,Training Data\Desert\Desert-Train (1069).jpeg
1,Training Data\Desert\Desert-Train (107).jpeg
1,Training Data\Desert\Desert-Train (1070).jpeg
1,Training Data\Desert\Desert-Train (1071).jpeg
1,Training Data\Desert\Desert-Train (1072).jpeg
1,Training Data\Desert\Desert-Train (1073).jpeg
1,Training Data\Desert\Desert-Train (1074).jpeg
1,Training Data\Desert\Desert-Train (1075).jpeg
1,Training Data\Desert\Desert-Train (1076).jpeg
1,Training Data\Desert\Desert-Train (1077).jpeg
1,Training Data\Desert\Desert-Train (1078).jpeg
1,Training Data\Desert\Desert-Train (1079).jpeg
1,Training Data\Desert\Desert-Train (108).jpeg
1,Training Data\Desert\Desert-Train (1080).jpeg
1,Training Data\Desert\Desert-Train (1081).jpeg
1,Training Data\Desert\Desert-Train (1082).jpeg
1,Training Data\Desert\Desert-Train (1083).jpeg
1,Training Data\Desert\Desert-Train (1084).jpeg
1,Training Data\Desert\Desert-Train (1085).jpeg
1,Training Data\Desert\Desert-Train (1086).jpeg
1,Training Data\Desert\Desert-Train (1087).jpeg
1,Training Data\Desert\Desert-Train (1088).jpeg
2,Training Data\Forest\Forest-Train (1).jpeg
2,Training Data\Forest\Forest-Train (10).jpeg
2,Training Data\Forest\Forest-Train (100).jpeg
2,Training Data\Forest\Forest-Train (1000).jpeg
2,Training Data\Forest\Forest-Train (1001).jpeg
2,Training Data\Forest\Forest-Train (1002).jpeg
2,Training Data\Forest\Forest-Train (1003).jpeg
2,Training Data\Forest\Forest-Train (1004).jpeg
2,Training Data\Forest\Forest-Train (1005).jpeg
2,Training Data\Forest\Forest-Train (1006).jpeg
2,Training Data\Forest\Forest-Train (1007).jpeg
2,Training Data\Forest\Forest-Train (1008).jpeg
2,Training Data\Forest\Forest-Train (1009).jpeg
2,Training Data\Forest\Forest-Train (101).jpeg
2,Training Data\Forest\Forest-Train (1010).jpeg
2,Training Data\Forest\Forest-Train (1011).jpeg
2,Training Data\Forest\Forest-Train (1012).jpeg
2,Training Data\Forest\Forest-Train (1013).jpeg
2,Training Data\Forest\Forest-Train (1014).jpeg
2,Training Data\Forest\Forest-Train (1015).jpeg
2,Training Data\Forest\Forest-Train (1016).jpeg
2,Training Data\Forest\Forest-Train (1017).jpeg
2,Training Data\Forest\Forest-Train (1018).jpeg
2,Training Data\Forest\Forest-Train (1019).jpeg
2,Training Data\Forest\Forest-Train (102).jpeg
2,Training Data\Forest\Forest-Train (1020).jpeg
2,Training Data\Forest\Forest-Train (1021).jpeg
2,Training Data\Forest\Forest-Train (1022).jpeg
2,Training Data\Forest\Forest-Train (1023).jpeg
2,Training Data\Forest\Forest-Train (1024).jpeg
2,Training Data\Forest\Forest-Train (1025).jpeg
2,Training Data\Forest\Forest-Train (1026).jpeg
2,Training Data\Forest\Forest-Train (1027).jpeg
2,Training Data\Forest\Forest-Train (1028).jpeg
2,Training Data\Forest\Forest-Train (1029).jpeg
2,Training Data\Forest\Forest-Train (103).jpeg
2,Training Data\Forest\Forest-Train (1030).jpeg
2,Training Data\Forest\Forest-Train (1031).jpeg
2,Training Data\Forest\Forest-Train (1032).jpeg
2,Training Data\Forest\Forest-Train (1033).jpeg
2,Training Data\Forest\Forest-Train (1034).jpeg
2,Training Data\Forest\Forest-Train (1035).jpeg
2,Training Data\Forest\Forest-Train (1036).jpeg
2,Training Data\Forest\Forest-Train (1037).jpeg
2,Training Data\Forest\Forest-Train (1038).jpeg
2,Training Data\Forest\Forest-Train (1039).jpeg
2,Training Data\Forest\Forest-Train (104).jpeg
2,Training Data\Forest\Forest-Train (1040).jpeg
2,Training Data\Forest\Forest-Train (1041).jpeg
2,Training Data\Forest\Forest-Train (1042).jpeg
2,Training Data\Forest\Forest-Train (1043).jpeg
2,Training Data\Forest\Forest-Train (1044).jpeg
2,Training Data\Forest\Forest-Train (1045).jpeg
2,Training Data\Forest\Forest-Train (1046).jpeg
2,Training Data\Forest\Forest-Train (1047).jpeg
2,Training Data\Forest\Forest-Train (1048).jpeg
2,Training Data\Forest\Forest-Train (1049).jpeg
2,Training Data\Forest\Forest-Train (105).jpeg
2,Training Data\Forest\Forest-Train (1050).jpeg
2,Training Data\Forest\Forest-Train (1051).jpeg
2,Training Data\Forest\Forest-Train (1052).jpeg
2,Training Data\Forest\Forest-Train (1053).jpeg
2,Training Data\Forest\Forest-Train (1054).jpeg
2,Training Data\Forest\Forest-Train (1055).jpeg
2,Training Data\Forest\Forest-Train (1056).jpeg
2,Training Data\Forest\Forest-Train (1057).jpeg
2,Training Data\Forest\Forest-Train (1058).jpeg
2,Training Data\Forest\Forest-Train (1059).jpeg
2,Training Data\Forest\Forest-Train (106).jpeg
2,Training Data\Forest\Forest-Train (1060).jpeg
2,Training Data\Forest\Forest-Train (1061).jpeg
2,Training Data\Forest\Forest-Train (1062).jpeg
2,Training Data\Forest\Forest-Train (1063).jpeg
2,Training Data\Forest\Forest-Train (1064).jpeg
2,Training Data\Forest\Forest-Train (1065).jpeg
2,Training Data\Forest\Forest-Train (1066).jpeg
2,Training Data\Forest\Forest-Train (1067).jpeg
2,Training Data\Forest\Forest-Train (1068).jpeg
2,Training Data\Forest\Forest-Train (1069).jpeg
2,Training Data\Forest\Forest-Train (107).jpeg
2,Training Data\Forest\Forest-Train (1070).jpeg
2,Training Data\Forest\Forest-Train (1071).jpeg
2,Training Data\Forest\Forest-Train (1072).jpeg
2,Training Data\Forest\Forest-Train (1073).jpeg
2,Training Data\Forest\Forest-Train (1074).jpeg
2,Training Data\Forest\Forest-Train (1075).jpeg
2,Training Data\Forest\Forest-Train (1076).jpeg
2,Training Data\Forest\Forest-Train (1077).jpeg
2,Training Data\Forest\Forest-Train (1078).jpeg
2,Training Data\Forest\Forest-Train (1079).jpeg
2,Training Data\Forest\Forest-Train (108).jpeg
2,Training Data\Forest\Forest-Train (1080).jpeg
2,Training Data\Forest\Forest-Train (1081).jpeg
2,Training Data\Forest\Forest-Train (1082).jpeg
2,Training Data\Forest\Forest-Train (1083).jpeg
2,Training Data\Forest\Forest-Train (1084).jpeg
2,Training Data\Forest\Forest-Train (1085).jpeg
2,Training Data\Forest\Forest-Train (1086).jpeg
2,Training Data\Forest\Forest-Train (1087).jpeg
2,Training Data\Forest\Forest-Train (1088).jpeg
3,Training Data\Glacier\Glacier-Train (1).jpeg
3,Training Data\Glacier\Glacier-Train (10).jpeg
3,Training Data\Glacier\Glacier-Train (100).jpeg
3,Training Data\Glacier\Glacier-Train (1000).jpeg
3,Training Data\Glacier\Glacier-Train (1001).jpeg
3,Training Data\Glacier\Glacier-Train (1002).jpeg
3,Training Data\Glacier\Glacier-Train (1003).jpeg
3,Training Data\Glacier\Glacier-Train (1004).jpeg
3,Training Data\Glacier\Glacier-Train (1005).jpeg
3,Training Data\Glacier\Glacier-Train (1006).jpeg
3,Training Data\Glacier\Glacier-Train (1007).jpeg
3,Training Data\Glacier\Glacier-Train (1008).jpeg
3,Training Data\Glacier\Glacier-Train (1009).jpeg
3,Training Data\Glacier\Glacier-Train (101).jpeg
3,Training Data\Glacier\Glacier-Train (1010).jpeg
3,Training Data\Glacier\Glacier-Train (1011).jpeg
3,Training Data\Glacier\Glacier-Train (1012).jpeg
3,Training Data\Glacier\Glacier-Train (1013).jpeg
3,Training Data\Glacier\Glacier-Train (1014).jpeg
3,Training Data\Glacier\Glacier-Train (1015).jpeg
3,Training Data\Glacier\Glacier-Train (1016).jpeg
3,Training Data\Glacier\Glacier-Train (1017).jpeg
3,Training Data\Glacier\Glacier-Train (1018).jpeg
3,Training Data\Glacier\Glacier-Train (1019).jpeg
3,Training Data\Glacier\Glacier-Train (102).jpeg
3,Training Data\Glacier\Glacier-Train (1020).jpeg
3,Training Data\Glacier\Glacier-Train (1021).jpeg
3,Training Data\Glacier\Glacier-Train (1022).jpeg
3,Training Data\Glacier\Glacier-Train (1023).jpeg
3,Training Data\Glacier\Glacier-Train (1024).jpeg
3,Training Data\Glacier\Glacier-Train (1025).jpeg
3,Training Data\Glacier\Glacier-Train (1026).jpeg
3,Training Data\Glacier\Glacier-Train (1027).jpeg
3,Training Data\Glacier\Glacier-Train (1028).jpeg
3,Training Data\Glacier\Glacier-Train (1029).jpeg
3,Training Data\Glacier\Glacier-Train (103).jpeg
3,Training Data\Glacier\Glacier-Train (1030).jpeg
3,Training Data\Glacier\Glacier-Train (1031).jpeg
3,Training Data\Glacier\Glacier-Train (1032).jpeg
3,Training Data\Glacier\Glacier-Train (1033).jpeg
3,Training Data\Glacier\Glacier-Train (1034).jpeg
3,Training Data\Glacier\Glacier-Train (1035).jpeg
3,Training Data\Glacier\Glacier-Train (1036).jpeg
3,Training Data\Glacier\Glacier-Train (1037).jpeg
3,Training Data\Glacier\Glacier-Train (1038).jpeg
3,Training Data\Glacier\Glacier-Train (1039).jpeg
3,Training Data\Glacier\Glacier-Train (104).jpeg
3,Training Data\Glacier\Glacier-Train (1040).jpeg
3,Training Data\Glacier\Glacier-Train (1041).jpeg
3,Training Data\Glacier\Glacier-Train (1042).jpeg
3,Training Data\Glacier\Glacier-Train (1043).jpeg
3,Training Data\Glacier\Glacier-Train (1044).jpeg
3,Training Data\Glacier\Glacier-Train (1045).jpeg
3,Training Data\Glacier\Glacier-Train (1046).jpeg
3,Training Data\Glacier\Glacier-Train (1047).jpeg
3,Training Data\Glacier\Glacier-Train (1048).jpeg
3,Training Data\Glacier\Glacier-Train (1049).jpeg
3,Training Data\Glacier\Glacier-Train (105).jpeg
3,Training Data\Glacier\Glacier-Train (1050).jpeg
3,Training Data\Glacier\Glacier-Train (1051).jpeg
3,Training Data\Glacier\Glacier-Train (1052).jpeg
3,Training Data\Glacier\Glacier-Train (1053).jpeg
3,Training Data\Glacier\Glacier-Train (1054).jpeg
3,Training Data\Glacier\Glacier-Train (1055).jpeg
3,Training Data\Glacier\Glacier-Train (1056).jpeg
3,Training Data\Glacier\Glacier-Train (1057).jpeg
3,Training Data\Glacier\Glacier-Train (1058).jpeg
3,Training Data\Glacier\Glacier-Train (1059).jpeg
3,Training Data\Glacier\Glacier-Train (106).jpeg
3,Training Data\Glacier\Glacier-Train (1060).jpeg
3,Training Data\Glacier\Glacier-Train (1061).jpeg
3,Training Data\Glacier\Glacier-Train (1062).jpeg
3,Training Data\Glacier\Glacier-Train (1063).jpeg
3,Training Data\Glacier\Glacier-Train (1064).jpeg
3,Training Data\Glacier\Glacier-Train (1065).jpeg
3,Training Data\Glacier\Glacier-Train (1066).jpeg
3,Training Data\Glacier\Glacier-Train (1067).jpeg
3,Training Data\Glacier\Glacier-Train (1068).jpeg
3,Training Data\Glacier\Glacier-Train (1069).jpeg
3,Training Data\Glacier\Glacier-Train (107).jpeg
3,Training Data\Glacier\Glacier-Train (1070).jpeg
3,Training Data\Glacier\Glacier-Train (1071).jpeg
3,Training Data\Glacier\Glacier-Train (1072).jpeg
3,Training Data\Glacier\Glacier-Train (1073).jpeg
3,Training Data\Glacier\Glacier-Train (1074).jpeg
3,Training Data\Glacier\Glacier-Train (1075).jpeg
3,Training Data\Glacier\Glacier-Train (1076).jpeg
3,Training Data\Glacier\Glacier-Train (1077).jpeg
3,Training Data\Glacier\Glacier-Train (1078).jpeg
3,Training Data\Glacier\Glacier-Train (1079).jpeg
3,Training Data\Glacier\Glacier-Train (108).jpeg
3,Training Data\Glacier\Glacier-Train (1080).jpeg
3,Training Data\Glacier\Glacier-Train (1081).jpeg
3,Training Data\Glacier\Glacier-Train (1082).jpeg
3,Training Data\Glacier\Glacier-Train (1083).jpeg
3,Training Data\Glacier\Glacier-Train (1084).jpeg
3,Training Data\Glacier\Glacier-Train (1085).jpeg
3,Training Data\Glacier\Glacier-Train (1086).jpeg
3,Training Data\Glacier\Glacier-Train (1087).jpeg
3,Training Data\Glacier\Glacier-Train (1088).jpeg
4,Training Data\Mountain\Mountain (2969).jpeg
4,Training Data\Mountain\Mountain (2970).jpeg
4,Training Data\Mountain\Mountain (2971).jpeg
4,Training Data\Mountain\Mountain (2973).jpeg
4,Training Data\Mountain\Mountain (2975).jpeg
4,Training Data\Mountain\Mountain (2976).jpeg
4,Training Data\Mountain\Mountain (2977).jpeg
4,Training Data\Mountain\Mountain (2978).jpeg
4,Training Data\Mountain\Mountain (2979).jpeg
4,Training Data\Mountain\Mountain (2980).jpeg
4,Training Data\Mountain\Mountain (2981).jpeg
4,Training Data\Mountain\Mountain (2982).jpeg
4,Training Data\Mountain\Mountain (2983).jpeg
4,Training Data\Mountain\Mountain (2984).jpeg
4,Training Data\Mountain\Mountain (2985).jpeg
4,Training Data\Mountain\Mountain (2986).jpeg
4,Training Data\Mountain\Mountain (2987).jpeg
4,Training Data\Mountain\Mountain (2988).jpeg
4,Training Data\Mountain\Mountain (2989).jpeg
4,Training Data\Mountain\Mountain (2990).jpeg
4,Training Data\Mountain\Mountain (2991).jpeg
4,Training Data\Mountain\Mountain (2992).jpeg
4,Training Data\Mountain\Mountain (2993).jpeg
4,Training Data\Mountain\Mountain (2994).jpeg
4,Training Data\Mountain\Mountain (2995).jpeg
4,Training Data\Mountain\Mountain (2996).jpeg
4,Training Data\Mountain\Mountain (2997).jpeg
4,Training Data\Mountain\Mountain (2998).jpeg
4,Training Data\Mountain\Mountain (2999).jpeg
4,Training Data\Mountain\Mountain (3000).jpeg
4,Training Data\Mountain\Mountain (3001).jpeg
4,Training Data\Mountain\Mountain (3002).jpeg
4,Training Data\Mountain\Mountain (3003).jpeg
4,Training Data\Mountain\Mountain (3004).jpeg
4,Training Data\Mountain\Mountain (3005).jpeg
4,Training Data\Mountain\Mountain (3006).jpeg
4,Training Data\Mountain\Mountain (3007).jpeg
4,Training Data\Mountain\Mountain (3008).jpeg
4,Training Data\Mountain\Mountain (3009).jpeg
4,Training Data\Mountain\Mountain (3010).jpeg
4,Training Data\Mountain\Mountain (3011).jpeg
4,Training Data\Mountain\Mountain (3012).jpeg
4,Training Data\Mountain\Mountain (3013).jpeg
4,Training Data\Mountain\Mountain (3014).jpeg
4,Training Data\Mountain\Mountain (3015).jpeg
4,Training Data\Mountain\Mountain (3016).jpeg
4,Training Data\Mountain\Mountain (3017).jpeg
4,Training Data\Mountain\Mountain (3018).jpeg
4,Training Data\Mountain\Mountain (3019).jpeg
4,Training Data\Mountain\Mountain (3020).jpeg
4,Training Data\Mountain\Mountain (3021).jpeg
4,Training Data\Mountain\Mountain (3022).jpeg
4,Training Data\Mountain\Mountain (3023).jpeg
4,Training Data\Mountain\Mountain (3024).jpeg
4,Training Data\Mountain\Mountain (3025).jpeg
4,Training Data\Mountain\Mountain (3026).jpeg
4,Training Data\Mountain\Mountain (3027).jpeg
4,Training Data\Mountain\Mountain (3028).jpeg
4,Training Data\Mountain\Mountain (3029).jpeg
4,Training Data\Mountain\Mountain (3030).jpeg
4,Training Data\Mountain\Mountain (3031).jpeg
4,Training Data\Mountain\Mountain (3032).jpeg
4,Training Data\Mountain\Mountain (3033).jpeg
4,Training Data\Mountain\Mountain (3034).jpeg
4,Training Data\Mountain\Mountain (3035).jpeg
4,Training Data\Mountain\Mountain (3041).jpeg
4,Training Data\Mountain\Mountain (3042).jpeg
4,Training Data\Mountain\Mountain (3043).jpeg
4,Training Data\Mountain\Mountain (3044).jpeg
4,Training Data\Mountain\Mountain (3045).jpeg
4,Training Data\Mountain\Mountain (3046).jpeg
4,Training Data\Mountain\Mountain (3047).jpeg
4,Training Data\Mountain\Mountain (3048).jpeg
4,Training Data\Mountain\Mountain (3049).jpeg
4,Training Data\Mountain\Mountain (3050).jpeg
4,Training Data\Mountain\Mountain (3051).jpeg
4,Training Data\Mountain\Mountain (3052).jpeg
4,Training Data\Mountain\Mountain (3053).jpeg
4,Training Data\Mountain\Mountain (3054).jpeg
4,Training Data\Mountain\Mountain (3055).jpeg
4,Training Data\Mountain\Mountain (3056).jpeg
4,Training Data\Mountain\Mountain (3057).jpeg
4,Training Data\Mountain\Mountain (3058).jpeg
4,Training Data\Mountain\Mountain (3059).jpeg
4,Training Data\Mountain\Mountain (3060).jpeg
4,Training Data\Mountain\Mountain (3061).jpeg
4,Training Data\Mountain\Mountain (3062).jpeg
4,Training Data\Mountain\Mountain (3063).jpeg
4,Training Data\Mountain\Mountain (3064).jpeg
4,Training Data\Mountain\Mountain (3065).jpeg
4,Training Data\Mountain\Mountain (3066).jpeg
4,Training Data\Mountain\Mountain (3067).jpeg
4,Training Data\Mountain\Mountain (3068).jpeg
4,Training Data\Mountain\Mountain (3069).jpeg
4,Training Data\Mountain\Mountain (3070).jpeg
4,Training Data\Mountain\Mountain (3071).jpeg
4,Training Data\Mountain\Mountain (3072).jpeg
4,Training Data\Mountain\Mountain (3073).jpeg
4,Training Data\Mountain\Mountain (3074).jpeg
4,Training Data\Mountain\Mountain (3075).jpeg
