index,path
0,archive\Training Data\Coast\Coast-Train (1).jpeg
1,archive\Training Data\Coast\Coast-Train (10).jpeg
2,archive\Training Data\Coast\Coast-Train (100).jpeg
3,archive\Training Data\Coast\Coast-Train (1000).jpeg
4,archive\Training Data\Coast\Coast-Train (1001).jpeg
5,archive\Training Data\Coast\Coast-Train (1002).jpeg
6,archive\Training Data\Coast\Coast-Train (1003).jpeg
7,archive\Training Data\Coast\Coast-Train (1004).jpeg
8,archive\Training Data\Coast\Coast-Train (1005).jpeg
9,archive\Training Data\Coast\Coast-Train (1006).jpeg
10,archive\Training Data\Coast\Coast-Train (1007).jpeg
11,archive\Training Data\Coast\Coast-Train (1008).jpeg
12,archive\Training Data\Coast\Coast-Train (1009).jpeg
13,archive\Training Data\Coast\Coast-Train (101).jpeg
14,archive\Training Data\Coast\Coast-Train (1010).jpeg
15,archive\Training Data\Coast\Coast-Train (1011).jpeg
16,archive\Training Data\Coast\Coast-Train (1012).jpeg
17,archive\Training Data\Coast\Coast-Train (1013).jpeg
18,archive\Training Data\Coast\Coast-Train (1014).jpeg
19,archive\Training Data\Coast\Coast-Train (1015).jpeg
20,archive\Training Data\Coast\Coast-Train (1016).jpeg
21,archive\Training Data\Coast\Coast-Train (1017).jpeg
22,archive\Training Data\Coast\Coast-Train (1018).jpeg
23,archive\Training Data\Coast\Coast-Train (1019).jpeg
24,archive\Training Data\Coast\Coast-Train (102).jpeg
25,archive\Training Data\Coast\Coast-Train (1020).jpeg
26,archive\Training Data\Coast\Coast-Train (1021).jpeg
27,archive\Training Data\Coast\Coast-Train (1022).jpeg
28,archive\Training Data\Coast\Coast-Train (1023).jpeg
29,archive\Training Data\Coast\Coast-Train (1024).jpeg
30,archive\Training Data\Coast\Coast-Train (1025).jpeg
31,archive\Training Data\Coast\Coast-Train (1026).jpeg
32,archive\Training Data\Coast\Coast-Train (1027).jpeg
33,archive\Training Data\Coast\Coast-Train (1028).jpeg
34,archive\Training Data\Coast\Coast-Train (1029).jpeg
35,archive\Training Data\Coast\Coast-Train (103).jpeg
36,archive\Training Data\Coast\Coast-Train (1030).jpeg
37,archive\Training Data\Coast\Coast-Train (1031).jpeg
38,archive\Training Data\Coast\Coast-Train (1032).jpeg
39,archive\Training Data\Coast\Coast-Train (1033).jpeg
40,archive\Training Data\Coast\Coast-Train (1034).jpeg
41,archive\Training Data\Coast\Coast-Train (1035).jpeg
42,archive\Training Data\Coast\Coast-Train (1036).jpeg
43,archive\Training Data\Coast\Coast-Train (1037).jpeg
44,archive\Training Data\Coast\Coast-Train (1038).jpeg
45,archive\Training Data\Coast\Coast-Train (1039).jpeg
46,archive\Training Data\Coast\Coast-Train (104).jpeg
47,archive\Training Data\Coast\Coast-Train (1040).jpeg
48,archive\Training Data\Coast\Coast-Train (1041).jpeg
49,archive\Training Data\Coast\Coast-Train (1042).jpeg
50,archive\Training Data\Coast\Coast-Train (1043).jpeg
51,archive\Training Data\Coast\Coast-Train (1044).jpeg
52,archive\Training Data\Coast\Coast-Train (1045).jpeg
53,archive\Training Data\Coast\Coast-Train (1046).jpeg
54,archive\Training Data\Coast\Coast-Train (1047).jpeg
55,archive\Training Data\Coast\Coast-Train (1048).jpeg
56,archive\Training Data\Coast\Coast-Train (1049).jpeg
57,archive\Training Data\Coast\Coast-Train (105).jpeg
58,archive\Training Data\Coast\Coast-Train (1050).jpeg
59,archive\Training Data\Coast\Coast-Train (1051).jpeg
60,archive\Training Data\Coast\Coast-Train (1052).jpeg
61,archive\Training Data\Coast\Coast-Train (1053).jpeg
62,archive\Training Data\Coast\Coast-Train (1054).jpeg
63,archive\Training Data\Coast\Coast-Train (1055).jpeg
64,archive\Training Data\Coast\Coast-Train (1056).jpeg
65,archive\Training Data\Coast\Coast-Train (1057).jpeg
66,archive\Training Data\Coast\Coast-Train (1058).jpeg
67,archive\Training Data\Coast\Coast-Train (1059).jpeg
68,archive\Training Data\Coast\Coast-Train (106).jpeg
69,archive\Training Data\Coast\Coast-Train (1060).jpeg
70,archive\Training Data\Coast\Coast-Train (1061).jpeg
71,archive\Training Data\Coast\Coast-Train (1062).jpeg
72,archive\Training Data\Coast\Coast-Train (1063).jpeg
73,archive\Training Data\Coast\Coast-Train (1064).jpeg
74,archive\Training Data\Coast\Coast-Train (1065).jpeg
75,archive\Training Data\Coast\Coast-Train (1066).jpeg
76,archive\Training Data\Coast\Coast-Train (1067).jpeg
77,archive\Training Data\Coast\Coast-Train (1068).jpeg
78,archive\Training Data\Coast\Coast-Train (1069).jpeg
79,archive\Training Data\Coast\Coast-Train (107).jpeg
80,archive\Training Data\Coast\Coast-Train (1070).jpeg
81,archive\Training Data\Coast\Coast-Train (1071).jpeg
82,archive\Training Data\Coast\Coast-Train (1072).jpeg
83,archive\Training Data\Coast\Coast-Train (1073).jpeg
84,archive\Training Data\Coast\Coast-Train (1074).jpeg
85,archive\Training Data\Coast\Coast-Train (1075).jpeg
86,archive\Training Data\Coast\Coast-Train (1076).jpeg
87,archive\Training Data\Coast\Coast-Train (1077).jpeg
88,archive\Training Data\Coast\Coast-Train (1078).jpeg
89,archive\Training Data\Coast\Coast-Train (1079).jpeg
90,archive\Training Data\Coast\Coast-Train (108).jpeg
91,archive\Training Data\Coast\Coast-Train (1080).jpeg
92,archive\Training Data\Coast\Coast-Train (1081).jpeg
93,archive\Training Data\Coast\Coast-Train (1082).jpeg
94,archive\Training Data\Coast\Coast-Train (1083).jpeg
95,archive\Training Data\Coast\Coast-Train (1084).jpeg
96,archive\Training Data\Coast\Coast-Train (1085).jpeg
97,archive\Training Data\Coast\Coast-Train (1086).jpeg
98,archive\Training Data\Coast\Coast-Train (1087).jpeg
99,archive\Training Data\Coast\Coast-Train (1088).jpeg
100,archive\Training Data\Coast\Coast-Train (1089).jpeg
101,archive\Training Data\Coast\Coast-Train (109).jpeg
102,archive\Training Data\Coast\Coast-Train (1090).jpeg
103,archive\Training Data\Coast\Coast-Train (1091).jpeg
104,archive\Training Data\Coast\Coast-Train (1092).jpeg
105,archive\Training Data\Coast\Coast-Train (1093).jpeg
106,archive\Training Data\Coast\Coast-Train (1094).jpeg
107,archive\Training Data\Coast\Coast-Train (1095).jpeg
108,archive\Training Data\Coast\Coast-Train (1096).jpeg
109,archive\Training Data\Coast\Coast-Train (1097).jpeg
110,archive\Training Data\Coast\Coast-Train (1098).jpeg
111,archive\Training Data\Coast\Coast-Train (1099).jpeg
112,archive\Training Data\Coast\Coast-Train (11).jpeg
113,archive\Training Data\Coast\Coast-Train (110).jpeg
114,archive\Training Data\Coast\Coast-Train (1100).jpeg
115,archive\Training Data\Coast\Coast-Train (1101).jpeg
116,archive\Training Data\Coast\Coast-Train (1102).jpeg
117,archive\Training Data\Coast\Coast-Train (1103).jpeg
118,archive\Training Data\Coast\Coast-Train (1104).jpeg
119,archive\Training Data\Coast\Coast-Train (1105).jpeg
120,archive\Training Data\Coast\Coast-Train (1106).jpeg
121,archive\Training Data\Coast\Coast-Train (1107).jpeg
122,archive\Training Data\Coast\Coast-Train (1108).jpeg
123,archive\Training Data\Coast\Coast-Train (1109).jpeg
124,archive\Training Data\Coast\Coast-Train (111).jpeg
125,archive\Training Data\Coast\Coast-Train (1110).jpeg
126,archive\Training Data\Coast\Coast-Train (1111).jpeg
127,archive\Training Data\Coast\Coast-Train (1112).jpeg
128,archive\Training Data\Coast\Coast-Train (1113).jpeg
129,archive\Training Data\Coast\Coast-Train (1114).jpeg
130,archive\Training Data\Coast\Coast-Train (1115).jpeg
131,archive\Training Data\Coast\Coast-Train (1116).jpeg
132,archive\Training Data\Coast\Coast-Train (1117).jpeg
133,archive\Training Data\Coast\Coast-Train (1118).jpeg
134,archive\Training Data\Coast\Coast-Train (1119).jpeg
135,archive\Training Data\Coast\Coast-Train (112).jpeg
136,archive\Training Data\Coast\Coast-Train (1120).jpeg
137,archive\Training Data\Coast\Coast-Train (1121).jpeg
138,archive\Training Data\Coast\Coast-Train (1122).jpeg
139,archive\Training Data\Coast\Coast-Train (1123).jpeg
140,archive\Training Data\Coast\Coast-Train (1124).jpeg
141,archive\Training Data\Coast\Coast-Train (1125).jpeg
142,archive\Training Data\Coast\Coast-Train (1126).jpeg
143,archive\Training Data\Coast\Coast-Train (1127).jpeg
144,archive\Training Data\Coast\Coast-Train (1128).jpeg
145,archive\Training Data\Coast\Coast-Train (1129).jpeg
146,archive\Training Data\Coast\Coast-Train (113).jpeg
147,archive\Training Data\Coast\Coast-Train (1130).jpeg
148,archive\Training Data\Coast\Coast-Train (1131).jpeg
149,archive\Training Data\Coast\Coast-Train (1132).jpeg
150,archive\Training Data\Coast\Coast-Train (1133).jpeg
151,archive\Training Data\Coast\Coast-Train (1134).jpeg
152,archive\Training Data\Coast\Coast-Train (1135).jpeg
153,archive\Training Data\Coast\Coast-Train (1136).jpeg
154,archive\Training Data\Coast\Coast-Train (1137).jpeg
155,archive\Training Data\Coast\Coast-Train (1138).jpeg
156,archive\Training Data\Coast\Coast-Train (1139).jpeg
157,archive\Training Data\Coast\Coast-Train (114).jpeg
158,archive\Training Data\Coast\Coast-Train (1140).jpeg
159,archive\Training Data\Coast\Coast-Train (1141).jpeg
160,archive\Training Data\Coast\Coast-Train (1142).jpeg
161,archive\Training Data\Coast\Coast-Train (1143).jpeg
162,archive\Training Data\Coast\Coast-Train (1144).jpeg
163,archive\Training Data\Coast\Coast-Train (1145).jpeg
164,archive\Training Data\Coast\Coast-Train (1146).jpeg
165,archive\Training Data\Coast\Coast-Train (1147).jpeg
166,archive\Training Data\Coast\Coast-Train (1148).jpeg
167,archive\Training Data\Coast\Coast-Train (1149).jpeg
168,archive\Training Data\Coast\Coast-Train (115).jpeg
169,archive\Training Data\Coast\Coast-Train (1150).jpeg
170,archive\Training Data\Coast\Coast-Train (1151).jpeg
171,archive\Training Data\Coast\Coast-Train (1152).jpeg
172,archive\Training Data\Coast\Coast-Train (1153).jpeg
173,archive\Training Data\Coast\Coast-Train (1154).jpeg
174,archive\Training Data\Coast\Coast-Train (1155).jpeg
175,archive\Training Data\Coast\Coast-Train (1156).jpeg
176,archive\Training Data\Coast\Coast-Train (1157).jpeg
177,archive\Training Data\Coast\Coast-Train (1158).jpeg
178,archive\Training Data\Coast\Coast-Train (1159).jpeg
179,archive\Training Data\Coast\Coast-Train (116).jpeg
180,archive\Training Data\Coast\Coast-Train (1160).jpeg
181,archive\Training Data\Coast\Coast-Train (1161).jpeg
182,archive\Training Data\Coast\Coast-Train (1162).jpeg
183,archive\Training Data\Coast\Coast-Train (1163).jpeg
184,archive\Training Data\Coast\Coast-Train (1164).jpeg
185,archive\Training Data\Coast\Coast-Train (1165).jpeg
186,archive\Training Data\Coast\Coast-Train (1166).jpeg
187,archive\Training Data\Coast\Coast-Train (1167).jpeg
188,archive\Training Data\Coast\Coast-Train (1168).jpeg
189,archive\Training Data\Coast\Coast-Train (1169).jpeg
190,archive\Training Data\Coast\Coast-Train (117).jpeg
191,archive\Training Data\Coast\Coast-Train (1170).jpeg
192,archive\Training Data\Coast\Coast-Train (1171).jpeg
193,archive\Training Data\Coast\Coast-Train (1172).jpeg
194,archive\Training Data\Coast\Coast-Train (1173).jpeg
195,archive\Training Data\Coast\Coast-Train (1174).jpeg
196,archive\Training Data\Coast\Coast-Train (1175).jpeg
197,archive\Training Data\Coast\Coast-Train (1176).jpeg
198,archive\Training Data\Coast\Coast-Train (1177).jpeg
199,archive\Training Data\Coast\Coast-Train (1178).jpeg
200,archive\Training Data\Desert\Desert-Train (1).jpeg
201,archive\Training Data\Desert\Desert-Train (10).jpeg
202,archive\Training Data\Desert\Desert-Train (100).jpeg
203,archive\Training Data\Desert\Desert-Train (1000).jpeg
204,archive\Training Data\Desert\Desert-Train (1001).jpeg
205,archive\Training Data\Desert\Desert-Train (1002).jpeg
206,archive\Training Data\Desert\Desert-Train (1003).jpeg
207,archive\Training Data\Desert\Desert-Train (1004).jpeg
208,archive\Training Data\Desert\Desert-Train (1005).jpeg
209,archive\Training Data\Desert\Desert-Train (1006).jpeg
210,archive\Training Data\Desert\Desert-Train (1007).jpeg
211,archive\Training Data\Desert\Desert-Train (1008).jpeg
212,archive\Training Data\Desert\Desert-Train (1009).jpeg
213,archive\Training Data\Desert\Desert-Train (101).jpeg
214,archive\Training Data\Desert\Desert-Train (1010).jpeg
215,archive\Training Data\Desert\Desert-Train (1011).jpeg
216,archive\Training Data\Desert\Desert-Train (1012).jpeg
217,archive\Training Data\Desert\Desert-Train (1013).jpeg
218,archive\Training Data\Desert\Desert-Train (1014).jpeg
219,archive\Training Data\Desert\Desert-Train (1015).jpeg
220,archive\Training Data\Desert\Desert-Train (1016).jpeg
221,archive\Training Data\Desert\Desert-Train (1017).jpeg
222,archive\Training Data\Desert\Desert-Train (1018).jpeg
223,archive\Training Data\Desert\Desert-Train (1019).jpeg
224,archive\Training Data\Desert\Desert-Train (102).jpeg
225,archive\Training Data\Desert\Desert-Train (1020).jpeg
226,archive\Training Data\Desert\Desert-Train (1021).jpeg
227,archive\Training Data\Desert\Desert-Train (1022).jpeg
228,archive\Training Data\Desert\Desert-Train (1023).jpeg
229,archive\Training Data\Desert\Desert-Train (1024).jpeg
230,archive\Training Data\Desert\Desert-Train (1025).jpeg
231,archive\Training Data\Desert\Desert-Train (1026).jpeg
232,archive\Training Data\Desert\Desert-Train (1027).jpeg
233,archive\Training Data\Desert\Desert-Train (1028).jpeg
234,archive\Training Data\Desert\Desert-Train (1029).jpeg
235,archive\Training Data\Desert\Desert-Train (103).jpeg
236,archive\Training Data\Desert\Desert-Train (1030).jpeg
237,archive\Training Data\Desert\Desert-Train (1031).jpeg
238,archive\Training Data\Desert\Desert-Train (1032).jpeg
239,archive\Training Data\Desert\Desert-Train (1033).jpeg
240,archive\Training Data\Desert\Desert-Train (1034).jpeg
241,archive\Training Data\Desert\Desert-Train (1035).jpeg
242,archive\Training Data\Desert\Desert-Train (1036).jpeg
243,archive\Training Data\Desert\Desert-Train (1037).jpeg
244,archive\Training Data\Desert\Desert-Train (1038).jpeg
245,archive\Training Data\Desert\Desert-Train (1039).jpeg
246,archive\Training Data\Desert\Desert-Train (104).jpeg
247,archive\Training Data\Desert\Desert-Train (1040).jpeg
248,archive\Training Data\Desert\Desert-Train (1041).jpeg
249,archive\Training Data\Desert\Desert-Train (1042).jpeg
250,archive\Training Data\Desert\Desert-Train (1043).jpeg
251,archive\Training Data\Desert\Desert-Train (1044).jpeg
252,archive\Training Data\Desert\Desert-Train (1045).jpeg
253,archive\Training Data\Desert\Desert-Train (1046).jpeg
254,archive\Training Data\Desert\Desert-Train (1047).jpeg
255,archive\Training Data\Desert\Desert-Train (1048).jpeg
256,archive\Training Data\Desert\Desert-Train (1049).jpeg
257,archive\Training Data\Desert\Desert-Train (105).jpeg
258,archive\Training Data\Desert\Desert-Train (1050).jpeg
259,archive\Training Data\Desert\Desert-Train (1051).jpeg
260,archive\Training Data\Desert\Desert-Train (1052).jpeg
261,archive\Training Data\Desert\Desert-Train (1053).jpeg
262,archive\Training Data\Desert\Desert-Train (1054).jpeg
263,archive\Training Data\Desert\Desert-Train (1055).jpeg
264,archive\Training Data\Desert\Desert-Train (1056).jpeg
265,archive\Training Data\Desert\Desert-Train (1057).jpeg
266,archive\Training Data\Desert\Desert-Train (1058).jpeg
267,archive\Training Data\Desert\Desert-Train (1059).jpeg
268,archive\Training Data\Desert\Desert-Train (106).jpeg
269,archive\Training Data\Desert\Desert-Train (1060).jpeg
270,archive\Training Data\Desert\Desert-Train (1061).jpeg
271,archive\Training Data\Desert\Desert-Train (1062).jpeg
272,archive\Training Data\Desert\Desert-Train (1063).jpeg
273,archive\Training Data\Desert\Desert-Train (1064).jpeg
274,archive\Training Data\Desert\Desert-Train (1065).jpeg
275,archive\Training Data\Desert\Desert-Train (1066).jpeg
276,archive\Training Data\Desert\Desert-Train (1067).jpeg
277,archive\Training Data\Desert\Desert-Train (1068).jpeg
278,archive\Training Data\Desert\Desert-Train (1069).jpeg
279,archive\Training Data\Desert\Desert-Train (107).jpeg
280,archive\Training Data\Desert\Desert-Train (1070).jpeg
281,archive\Training Data\Desert\Desert-Train (1071).jpeg
282,archive\Training Data\Desert\Desert-Train (1072).jpeg
283,archive\Training Data\Desert\Desert-Train (1073).jpeg
284,archive\Training Data\Desert\Desert-Train (1074).jpeg
285,archive\Training Data\Desert\Desert-Train (1075).jpeg
286,archive\Training Data\Desert\Desert-Train (1076).jpeg
287,archive\Training Data\Desert\Desert-Train (1077).jpeg
288,archive\Training Data\Desert\Desert-Train (1078).jpeg
289,archive\Training Data\Desert\Desert-Train (1079).jpeg
290,archive\Training Data\Desert\Desert-Train (108).jpeg
291,archive\Training Data\Desert\Desert-Train (1080).jpeg
292,archive\Training Data\Desert\Desert-Train (1081).jpeg
293,archive\Training Data\Desert\Desert-Train (1082).jpeg
294,archive\Training Data\Desert\Desert-Train (1083).jpeg
295,archive\Training Data\Desert\Desert-Train (1084).jpeg
296,archive\Training Data\Desert\Desert-Train (1085).jpeg
297,archive\Training Data\Desert\Desert-Train (1086).jpeg
298,archive\Training Data\Desert\Desert-Train (1087).jpeg
299,archive\Training Data\Desert\Desert-Train (1088).jpeg
300,archive\Training Data\Desert\Desert-Train (1089).jpeg
301,archive\Training Data\Desert\Desert-Train (109).jpeg
302,archive\Training Data\Desert\Desert-Train (1090).jpeg
303,archive\Training Data\Desert\Desert-Train (1091).jpeg
304,archive\Training Data\Desert\Desert-Train (1092).jpeg
305,archive\Training Data\Desert\Desert-Train (1093).jpeg
306,archive\Training Data\Desert\Desert-Train (1094).jpeg
307,archive\Training Data\Desert\Desert-Train (1095).jpeg
308,archive\Training Data\Desert\Desert-Train (1096).jpeg
309,archive\Training Data\Desert\Desert-Train (1097).jpeg
310,archive\Training Data\Desert\Desert-Train (1098).jpeg
311,archive\Training Data\Desert\Desert-Train (1099).jpeg
312,archive\Training Data\Desert\Desert-Train (11).jpeg
313,archive\Training Data\Desert\Desert-Train (110).jpeg
314,archive\Training Data\Desert\Desert-Train (1100).jpeg
315,archive\Training Data\Desert\Desert-Train (1101).jpeg
316,archive\Training Data\Desert\Desert-Train (1102).jpeg
317,archive\Training Data\Desert\Desert-Train (1103).jpeg
318,archive\Training Data\Desert\Desert-Train (1104).jpeg
319,archive\Training Data\Desert\Desert-Train (1105).jpeg
320,archive\Training Data\Desert\Desert-Train (1106).jpeg
321,archive\Training Data\Desert\Desert-Train (1107).jpeg
322,archive\Training Data\Desert\Desert-Train (1108).jpeg
323,archive\Training Data\Desert\Desert-Train (1109).jpeg
324,archive\Training Data\Desert\Desert-Train (111).jpeg
325,archive\Training Data\Desert\Desert-Train (1110).jpeg
326,archive\Training Data\Desert\Desert-Train (1111).jpeg
327,archive\Training Data\Desert\Desert-Train (1112).jpeg
328,archive\Training Data\Desert\Desert-Train (1113).jpeg
329,archive\Training Data\Desert\Desert-Train (1114).jpeg
330,archive\Training Data\Desert\Desert-Train (1115).jpeg
331,archive\Training Data\Desert\Desert-Train (1116).jpeg
332,archive\Training Data\Desert\Desert-Train (1117).jpeg
333,archive\Training Data\Desert\Desert-Train (1118).jpeg
334,archive\Training Data\Desert\Desert-Train (1119).jpeg
335,archive\Training Data\Desert\Desert-Train (112).jpeg
336,archive\Training Data\Desert\Desert-Train (1120).jpeg
337,archive\Training Data\Desert\Desert-Train (1121).jpeg
338,archive\Training Data\Desert\Desert-Train (1122).jpeg
339,archive\Training Data\Desert\Desert-Train (1123).jpeg
340,archive\Training Data\Desert\Desert-Train (1124).jpeg
341,archive\Training Data\Desert\Desert-Train (1125).jpeg
342,archive\Training Data\Desert\Desert-Train (1126).jpeg
343,archive\Training Data\Desert\Desert-Train (1127).jpeg
344,archive\Training Data\Desert\Desert-Train (1128).jpeg
345,archive\Training Data\Desert\Desert-Train (1129).jpeg
346,archive\Training Data\Desert\Desert-Train (113).jpeg
347,archive\Training Data\Desert\Desert-Train (1130).jpeg
348,archive\Training Data\Desert\Desert-Train (1131).jpeg
349,archive\Training Data\Desert\Desert-Train (1132).jpeg
350,archive\Training Data\Desert\Desert-Train (1133).jpeg
351,archive\Training Data\Desert\Desert-Train (1134).jpeg
352,archive\Training Data\Desert\Desert-Train (1135).jpeg
353,archive\Training Data\Desert\Desert-Train (1136).jpeg
354,archive\Training Data\Desert\Desert-Train (1137).jpeg
355,archive\Training Data\Desert\Desert-Train (1138).jpeg
356,archive\Training Data\Desert\Desert-Train (1139).jpeg
357,archive\Training Data\Desert\Desert-Train (114).jpeg
358,archive\Training Data\Desert\Desert-Train (1140).jpeg
359,archive\Training Data\Desert\Desert-Train (1141).jpeg
360,archive\Training Data\Desert\Desert-Train (1142).jpeg
361,archive\Training Data\Desert\Desert-Train (1143).jpeg
362,archive\Training Data\Desert\Desert-Train (1144).jpeg
363,archive\Training Data\Desert\Desert-Train (1145).jpeg
364,archive\Training Data\Desert\Desert-Train (1146).jpeg
365,archive\Training Data\Desert\Desert-Train (1147).jpeg
366,archive\Training Data\Desert\Desert-Train (1148).jpeg
367,archive\Training Data\Desert\Desert-Train (1149).jpeg
368,archive\Training Data\Desert\Desert-Train (115).jpeg
369,archive\Training Data\Desert\Desert-Train (1150).jpeg
370,archive\Training Data\Desert\Desert-Train (1151).jpeg
371,archive\Training Data\Desert\Desert-Train (1152).jpeg
372,archive\Training Data\Desert\Desert-Train (1153).jpeg
373,archive\Training Data\Desert\Desert-Train (1154).jpeg
374,archive\Training Data\Desert\Desert-Train (1155).jpeg
375,archive\Training Data\Desert\Desert-Train (1156).jpeg
376,archive\Training Data\Desert\Desert-Train (1157).jpeg
377,archive\Training Data\Desert\Desert-Train (1158).jpeg
378,archive\Training Data\Desert\Desert-Train (1159).jpeg
379,archive\Training Data\Desert\Desert-Train (116).jpeg
380,archive\Training Data\Desert\Desert-Train (1160).jpeg
381,archive\Training Data\Desert\Desert-Train (1161).jpeg
382,archive\Training Data\Desert\Desert-Train (1162).jpeg
383,archive\Training Data\Desert\Desert-Train (1163).jpeg
384,archive\Training Data\Desert\Desert-Train (1164).jpeg
385,archive\Training Data\Desert\Desert-Train (1165).jpeg
386,archive\Training Data\Desert\Desert-Train (1166).jpeg
387,archive\Training Data\Desert\Desert-Train (1167).jpeg
388,archive\Training Data\Desert\Desert-Train (1168).jpeg
389,archive\Training Data\Desert\Desert-Train (1169).jpeg
390,archive\Training Data\Desert\Desert-Train (117).jpeg
391,archive\Training Data\Desert\Desert-Train (1170).jpeg
392,archive\Training Data\Desert\Desert-Train (1171).jpeg
393,archive\Training Data\Desert\Desert-Train (1172).jpeg
394,archive\Training Data\Desert\Desert-Train (1173).jpeg
395,archive\Training Data\Desert\Desert-Train (1174).jpeg
396,archive\Training Data\Desert\Desert-Train (1175).jpeg
397,archive\Training Data\Desert\Desert-Train (1176).jpeg
398,archive\Training Data\Desert\Desert-Train (1177).jpeg
399,archive\Training Data\Desert\Desert-Train (1178).jpeg
400,archive\Training Data\Forest\Forest-Train (1).jpeg
401,archive\Training Data\Forest\Forest-Train (10).jpeg
402,archive\Training Data\Forest\Forest-Train (100).jpeg
403,archive\Training Data\Forest\Forest-Train (1000).jpeg
404,archive\Training Data\Forest\Forest-Train (1001).jpeg
405,archive\Training Data\Forest\Forest-Train (1002).jpeg
406,archive\Training Data\Forest\Forest-Train (1003).jpeg
407,archive\Training Data\Forest\Forest-Train (1004).jpeg
408,archive\Training Data\Forest\Forest-Train (1005).jpeg
409,archive\Training Data\Forest\Forest-Train (1006).jpeg
410,archive\Training Data\Forest\Forest-Train (1007).jpeg
411,archive\Training Data\Forest\Forest-Train (1008).jpeg
412,archive\Training Data\Forest\Forest-Train (1009).jpeg
413,archive\Training Data\Forest\Forest-Train (101).jpeg
414,archive\Training Data\Forest\Forest-Train (1010).jpeg
415,archive\Training Data\Forest\Forest-Train (1011).jpeg
416,archive\Training Data\Forest\Forest-Train (1012).jpeg
417,archive\Training Data\Forest\Forest-Train (1013).jpeg
418,archive\Training Data\Forest\Forest-Train (1014).jpeg
419,archive\Training Data\Forest\Forest-Train (1015).jpeg
420,archive\Training Data\Forest\Forest-Train (1016).jpeg
421,archive\Training Data\Forest\Forest-Train (1017).jpeg
422,archive\Training Data\Forest\Forest-Train (1018).jpeg
423,archive\Training Data\Forest\Forest-Train (1019).jpeg
424,archive\Training Data\Forest\Forest-Train (102).jpeg
425,archive\Training Data\Forest\Forest-Train (1020).jpeg
426,archive\Training Data\Forest\Forest-Train (1021).jpeg
427,archive\Training Data\Forest\Forest-Train (1022).jpeg
428,archive\Training Data\Forest\Forest-Train (1023).jpeg
429,archive\Training Data\Forest\Forest-Train (1024).jpeg
430,archive\Training Data\Forest\Forest-Train (1025).jpeg
431,archive\Training Data\Forest\Forest-Train (1026).jpeg
432,archive\Training Data\Forest\Forest-Train (1027).jpeg
433,archive\Training Data\Forest\Forest-Train (1028).jpeg
434,archive\Training Data\Forest\Forest-Train (1029).jpeg
435,archive\Training Data\Forest\Forest-Train (103).jpeg
436,archive\Training Data\Forest\Forest-Train (1030).jpeg
437,archive\Training Data\Forest\Forest-Train (1031).jpeg
438,archive\Training Data\Forest\Forest-Train (1032).jpeg
439,archive\Training Data\Forest\Forest-Train (1033).jpeg
440,archive\Training Data\Forest\Forest-Train (1034).jpeg
441,archive\Training Data\Forest\Forest-Train (1035).jpeg
442,archive\Training Data\Forest\Forest-Train (1036).jpeg
443,archive\Training Data\Forest\Forest-Train (1037).jpeg
444,archive\Training Data\Forest\Forest-Train (1038).jpeg
445,archive\Training Data\Forest\Forest-Train (1039).jpeg
446,archive\Training Data\Forest\Forest-Train (104).jpeg
447,archive\Training Data\Forest\Forest-Train (1040).jpeg
448,archive\Training Data\Forest\Forest-Train (1041).jpeg
449,archive\Training Data\Forest\Forest-Train (1042).jpeg
450,archive\Training Data\Forest\Forest-Train (1043).jpeg
451,archive\Training Data\Forest\Forest-Train (1044).jpeg
452,archive\Training Data\Forest\Forest-Train (1045).jpeg
453,archive\Training Data\Forest\Forest-Train (1046).jpeg
454,archive\Training Data\Forest\Forest-Train (1047).jpeg
455,archive\Training Data\Forest\Forest-Train (1048).jpeg
456,archive\Training Data\Forest\Forest-Train (1049).jpeg
457,archive\Training Data\Forest\Forest-Train (105).jpeg
458,archive\Training Data\Forest\Forest-Train (1050).jpeg
459,archive\Training Data\Forest\Forest-Train (1051).jpeg
460,archive\Training Data\Forest\Forest-Train (1052).jpeg
461,archive\Training Data\Forest\Forest-Train (1053).jpeg
462,archive\Training Data\Forest\Forest-Train (1054).jpeg
463,archive\Training Data\Forest\Forest-Train (1055).jpeg
464,archive\Training Data\Forest\Forest-Train (1056).jpeg
465,archive\Training Data\Forest\Forest-Train (1057).jpeg
466,archive\Training Data\Forest\Forest-Train (1058).jpeg
467,archive\Training Data\Forest\Forest-Train (1059).jpeg
468,archive\Training Data\Forest\Forest-Train (106).jpeg
469,archive\Training Data\Forest\Forest-Train (1060).jpeg
470,archive\Training Data\Forest\Forest-Train (1061).jpeg
471,archive\Training Data\Forest\Forest-Train (1062).jpeg
472,archive\Training Data\Forest\Forest-Train (1063).jpeg
473,archive\Training Data\Forest\Forest-Train (1064).jpeg
474,archive\Training Data\Forest\Forest-Train (1065).jpeg
475,archive\Training Data\Forest\Forest-Train (1066).jpeg
476,archive\Training Data\Forest\Forest-Train (1067).jpeg
477,archive\Training Data\Forest\Forest-Train (1068).jpeg
478,archive\Training Data\Forest\Forest-Train (1069).jpeg
479,archive\Training Data\Forest\Forest-Train (107).jpeg
480,archive\Training Data\Forest\Forest-Train (1070).jpeg
481,archive\Training Data\Forest\Forest-Train (1071).jpeg
482,archive\Training Data\Forest\Forest-Train (1072).jpeg
483,archive\Training Data\Forest\Forest-Train (1073).jpeg
484,archive\Training Data\Forest\Forest-Train (1074).jpeg
485,archive\Training Data\Forest\Forest-Train (1075).jpeg
486,archive\Training Data\Forest\Forest-Train (1076).jpeg
487,archive\Training Data\Forest\Forest-Train (1077).jpeg
488,archive\Training Data\Forest\Forest-Train (1078).jpeg
489,archive\Training Data\Forest\Forest-Train (1079).jpeg
490,archive\Training Data\Forest\Forest-Train (108).jpeg
491,archive\Training Data\Forest\Forest-Train (1080).jpeg
492,archive\Training Data\Forest\Forest-Train (1081).jpeg
493,archive\Training Data\Forest\Forest-Train (1082).jpeg
494,archive\Training Data\Forest\Forest-Train (1083).jpeg
495,archive\Training Data\Forest\Forest-Train (1084).jpeg
496,archive\Training Data\Forest\Forest-Train (1085).jpeg
497,archive\Training Data\Forest\Forest-Train (1086).jpeg
498,archive\Training Data\Forest\Forest-Train (1087).jpeg
499,archive\Training Data\Forest\Forest-Train (1088).jpeg
500,archive\Training Data\Forest\Forest-Train (1089).jpeg
501,archive\Training Data\Forest\Forest-Train (109).jpeg
502,archive\Training Data\Forest\Forest-Train (1090).jpeg
503,archive\Training Data\Forest\Forest-Train (1091).jpeg
504,archive\Training Data\Forest\Forest-Train (1092).jpeg
505,archive\Training Data\Forest\Forest-Train (1093).jpeg
506,archive\Training Data\Forest\Forest-Train (1094).jpeg
507,archive\Training Data\Forest\Forest-Train (1095).jpeg
508,archive\Training Data\Forest\Forest-Train (1096).jpeg
509,archive\Training Data\Forest\Forest-Train (1097).jpeg
510,archive\Training Data\Forest\Forest-Train (1098).jpeg
511,archive\Training Data\Forest\Forest-Train (1099).jpeg
512,archive\Training Data\Forest\Forest-Train (11).jpeg
513,archive\Training Data\Forest\Forest-Train (110).jpeg
514,archive\Training Data\Forest\Forest-Train (1100).jpeg
515,archive\Training Data\Forest\Forest-Train (1101).jpeg
516,archive\Training Data\Forest\Forest-Train (1102).jpeg
517,archive\Training Data\Forest\Forest-Train (1103).jpeg
518,archive\Training Data\Forest\Forest-Train (1104).jpeg
519,archive\Training Data\Forest\Forest-Train (1105).jpeg
520,archive\Training Data\Forest\Forest-Train (1106).jpeg
521,archive\Training Data\Forest\Forest-Train (1107).jpeg
522,archive\Training Data\Forest\Forest-Train (1108).jpeg
523,archive\Training Data\Forest\Forest-Train (1109).jpeg
524,archive\Training Data\Forest\Forest-Train (111).jpeg
525,archive\Training Data\Forest\Forest-Train (1110).jpeg
526,archive\Training Data\Forest\Forest-Train (1111).jpeg
527,archive\Training Data\Forest\Forest-Train (1112).jpeg
528,archive\Training Data\Forest\Forest-Train (1113).jpeg
529,archive\Training Data\Forest\Forest-Train (1114).jpeg
530,archive\Training Data\Forest\Forest-Train (1115).jpeg
531,archive\Training Data\Forest\Forest-Train (1116).jpeg
532,archive\Training Data\Forest\Forest-Train (1117).jpeg
533,archive\Training Data\Forest\Forest-Train (1118).jpeg
534,archive\Training Data\Forest\Forest-Train (1119).jpeg
535,archive\Training Data\Forest\Forest-Train (112).jpeg
536,archive\Training Data\Forest\Forest-Train (1120).jpeg
537,archive\Training Data\Forest\Forest-Train (1121).jpeg
538,archive\Training Data\Forest\Forest-Train (1122).jpeg
539,archive\Training Data\Forest\Forest-Train (1123).jpeg
540,archive\Training Data\Forest\Forest-Train (1124).jpeg
541,archive\Training Data\Forest\Forest-Train (1125).jpeg
542,archive\Training Data\Forest\Forest-Train (1126).jpeg
543,archive\Training Data\Forest\Forest-Train (1127).jpeg
544,archive\Training Data\Forest\Forest-Train (1128).jpeg
545,archive\Training Data\Forest\Forest-Train (1129).jpeg
546,archive\Training Data\Forest\Forest-Train (113).jpeg
547,archive\Training Data\Forest\Forest-Train (1130).jpeg
548,archive\Training Data\Forest\Forest-Train (1131).jpeg
549,archive\Training Data\Forest\Forest-Train (1132).jpeg
550,archive\Training Data\Forest\Forest-Train (1133).jpeg
551,archive\Training Data\Forest\Forest-Train (1134).jpeg
552,archive\Training Data\Forest\Forest-Train (1135).jpeg
553,archive\Training Data\Forest\Forest-Train (1136).jpeg
554,archive\Training Data\Forest\Forest-Train (1137).jpeg
555,archive\Training Data\Forest\Forest-Train (1138).jpeg
556,archive\Training Data\Forest\Forest-Train (1139).jpeg
557,archive\Training Data\Forest\Forest-Train (114).jpeg
558,archive\Training Data\Forest\Forest-Train (1140).jpeg
559,archive\Training Data\Forest\Forest-Train (1141).jpeg
560,archive\Training Data\Forest\Forest-Train (1142).jpeg
561,archive\Training Data\Forest\Forest-Train (1143).jpeg
562,archive\Training Data\Forest\Forest-Train (1144).jpeg
563,archive\Training Data\Forest\Forest-Train (1145).jpeg
564,archive\Training Data\Forest\Forest-Train (1146).jpeg
565,archive\Training Data\Forest\Forest-Train (1147).jpeg
566,archive\Training Data\Forest\Forest-Train (1148).jpeg
567,archive\Training Data\Forest\Forest-Train (1149).jpeg
568,archive\Training Data\Forest\Forest-Train (115).jpeg
569,archive\Training Data\Forest\Forest-Train (1150).jpeg
570,archive\Training Data\Forest\Forest-Train (1151).jpeg
571,archive\Training Data\Forest\Forest-Train (1152).jpeg
572,archive\Training Data\Forest\Forest-Train (1153).jpeg
573,archive\Training Data\Forest\Forest-Train (1154).jpeg
574,archive\Training Data\Forest\Forest-Train (1155).jpeg
575,archive\Training Data\Forest\Forest-Train (1156).jpeg
576,archive\Training Data\Forest\Forest-Train (1157).jpeg
577,archive\Training Data\Forest\Forest-Train (1158).jpeg
578,archive\Training Data\Forest\Forest-Train (1159).jpeg
579,archive\Training Data\Forest\Forest-Train (116).jpeg
580,archive\Training Data\Forest\Forest-Train (1160).jpeg
581,archive\Training Data\Forest\Forest-Train (1161).jpeg
582,archive\Training Data\Forest\Forest-Train (1162).jpeg
583,archive\Training Data\Forest\Forest-Train (1163).jpeg
584,archive\Training Data\Forest\Forest-Train (1164).jpeg
585,archive\Training Data\Forest\Forest-Train (1165).jpeg
586,archive\Training Data\Forest\Forest-Train (1166).jpeg
587,archive\Training Data\Forest\Forest-Train (1167).jpeg
588,archive\Training Data\Forest\Forest-Train (1168).jpeg
589,archive\Training Data\Forest\Forest-Train (1169).jpeg
590,archive\Training Data\Forest\Forest-Train (117).jpeg
591,archive\Training Data\Forest\Forest-Train (1170).jpeg
592,archive\Training Data\Forest\Forest-Train (1171).jpeg
593,archive\Training Data\Forest\Forest-Train (1172).jpeg
594,archive\Training Data\Forest\Forest-Train (1173).jpeg
595,archive\Training Data\Forest\Forest-Train (1174).jpeg
596,archive\Training Data\Forest\Forest-Train (1175).jpeg
597,archive\Training Data\Forest\Forest-Train (1176).jpeg
598,archive\Training Data\Forest\Forest-Train (1177).jpeg
599,archive\Training Data\Forest\Forest-Train (1178).jpeg
600,archive\Training Data\Glacier\Glacier-Train (1).jpeg
601,archive\Training Data\Glacier\Glacier-Train (10).jpeg
602,archive\Training Data\Glacier\Glacier-Train (100).jpeg
603,archive\Training Data\Glacier\Glacier-Train (1000).jpeg
604,archive\Training Data\Glacier\Glacier-Train (1001).jpeg
605,archive\Training Data\Glacier\Glacier-Train (1002).jpeg
606,archive\Training Data\Glacier\Glacier-Train (1003).jpeg
607,archive\Training Data\Glacier\Glacier-Train (1004).jpeg
608,archive\Training Data\Glacier\Glacier-Train (1005).jpeg
609,archive\Training Data\Glacier\Glacier-Train (1006).jpeg
610,archive\Training Data\Glacier\Glacier-Train (1007).jpeg
611,archive\Training Data\Glacier\Glacier-Train (1008).jpeg
612,archive\Training Data\Glacier\Glacier-Train (1009).jpeg
613,archive\Training Data\Glacier\Glacier-Train (101).jpeg
614,archive\Training Data\Glacier\Glacier-Train (1010).jpeg
615,archive\Training Data\Glacier\Glacier-Train (1011).jpeg
616,archive\Training Data\Glacier\Glacier-Train (1012).jpeg
617,archive\Training Data\Glacier\Glacier-Train (1013).jpeg
618,archive\Training Data\Glacier\Glacier-Train (1014).jpeg
619,archive\Training Data\Glacier\Glacier-Train (1015).jpeg
620,archive\Training Data\Glacier\Glacier-Train (1016).jpeg
621,archive\Training Data\Glacier\Glacier-Train (1017).jpeg
622,archive\Training Data\Glacier\Glacier-Train (1018).jpeg
623,archive\Training Data\Glacier\Glacier-Train (1019).jpeg
624,archive\Training Data\Glacier\Glacier-Train (102).jpeg
625,archive\Training Data\Glacier\Glacier-Train (1020).jpeg
626,archive\Training Data\Glacier\Glacier-Train (1021).jpeg
627,archive\Training Data\Glacier\Glacier-Train (1022).jpeg
628,archive\Training Data\Glacier\Glacier-Train (1023).jpeg
629,archive\Training Data\Glacier\Glacier-Train (1024).jpeg
630,archive\Training Data\Glacier\Glacier-Train (1025).jpeg
631,archive\Training Data\Glacier\Glacier-Train (1026).jpeg
632,archive\Training Data\Glacier\Glacier-Train (1027).jpeg
633,archive\Training Data\Glacier\Glacier-Train (1028).jpeg
634,archive\Training Data\Glacier\Glacier-Train (1029).jpeg
635,archive\Training Data\Glacier\Glacier-Train (103).jpeg
636,archive\Training Data\Glacier\Glacier-Train (1030).jpeg
637,archive\Training Data\Glacier\Glacier-Train (1031).jpeg
638,archive\Training Data\Glacier\Glacier-Train (1032).jpeg
639,archive\Training Data\Glacier\Glacier-Train (1033).jpeg
640,archive\Training Data\Glacier\Glacier-Train (1034).jpeg
641,archive\Training Data\Glacier\Glacier-Train (1035).jpeg
642,archive\Training Data\Glacier\Glacier-Train (1036).jpeg
643,archive\Training Data\Glacier\Glacier-Train (1037).jpeg
644,archive\Training Data\Glacier\Glacier-Train (1038).jpeg
645,archive\Training Data\Glacier\Glacier-Train (1039).jpeg
646,archive\Training Data\Glacier\Glacier-Train (104).jpeg
647,archive\Training Data\Glacier\Glacier-Train (1040).jpeg
648,archive\Training Data\Glacier\Glacier-Train (1041).jpeg
649,archive\Training Data\Glacier\Glacier-Train (1042).jpeg
650,archive\Training Data\Glacier\Glacier-Train (1043).jpeg
651,archive\Training Data\Glacier\Glacier-Train (1044).jpeg
652,archive\Training Data\Glacier\Glacier-Train (1045).jpeg
653,archive\Training Data\Glacier\Glacier-Train (1046).jpeg
654,archive\Training Data\Glacier\Glacier-Train (1047).jpeg
655,archive\Training Data\Glacier\Glacier-Train (1048).jpeg
656,archive\Training Data\Glacier\Glacier-Train (1049).jpeg
657,archive\Training Data\Glacier\Glacier-Train (105).jpeg
658,archive\Training Data\Glacier\Glacier-Train (1050).jpeg
659,archive\Training Data\Glacier\Glacier-Train (1051).jpeg
660,archive\Training Data\Glacier\Glacier-Train (1052).jpeg
661,archive\Training Data\Glacier\Glacier-Train (1053).jpeg
662,archive\Training Data\Glacier\Glacier-Train (1054).jpeg
663,archive\Training Data\Glacier\Glacier-Train (1055).jpeg
664,archive\Training Data\Glacier\Glacier-Train (1056).jpeg
665,archive\Training Data\Glacier\Glacier-Train (1057).jpeg
666,archive\Training Data\Glacier\Glacier-Train (1058).jpeg
667,archive\Training Data\Glacier\Glacier-Train (1059).jpeg
668,archive\Training Data\Glacier\Glacier-Train (106).jpeg
669,archive\Training Data\Glacier\Glacier-Train (1060).jpeg
670,archive\Training Data\Glacier\Glacier-Train (1061).jpeg
671,archive\Training Data\Glacier\Glacier-Train (1062).jpeg
672,archive\Training Data\Glacier\Glacier-Train (1063).jpeg
673,archive\Training Data\Glacier\Glacier-Train (1064).jpeg
674,archive\Training Data\Glacier\Glacier-Train (1065).jpeg
675,archive\Training Data\Glacier\Glacier-Train (1066).jpeg
676,archive\Training Data\Glacier\Glacier-Train (1067).jpeg
677,archive\Training Data\Glacier\Glacier-Train (1068).jpeg
678,archive\Training Data\Glacier\Glacier-Train (1069).jpeg
679,archive\Training Data\Glacier\Glacier-Train (107).jpeg
680,archive\Training Data\Glacier\Glacier-Train (1070).jpeg
681,archive\Training Data\Glacier\Glacier-Train (1071).jpeg
682,archive\Training Data\Glacier\Glacier-Train (1072).jpeg
683,archive\Training Data\Glacier\Glacier-Train (1073).jpeg
684,archive\Training Data\Glacier\Glacier-Train (1074).jpeg
685,archive\Training Data\Glacier\Glacier-Train (1075).jpeg
686,archive\Training Data\Glacier\Glacier-Train (1076).jpeg
687,archive\Training Data\Glacier\Glacier-Train (1077).jpeg
688,archive\Training Data\Glacier\Glacier-Train (1078).jpeg
689,archive\Training Data\Glacier\Glacier-Train (1079).jpeg
690,archive\Training Data\Glacier\Glacier-Train (108).jpeg
691,archive\Training Data\Glacier\Glacier-Train (1080).jpeg
692,archive\Training Data\Glacier\Glacier-Train (1081).jpeg
693,archive\Training Data\Glacier\Glacier-Train (1082).jpeg
694,archive\Training Data\Glacier\Glacier-Train (1083).jpeg
695,archive\Training Data\Glacier\Glacier-Train (1084).jpeg
696,archive\Training Data\Glacier\Glacier-Train (1085).jpeg
697,archive\Training Data\Glacier\Glacier-Train (1086).jpeg
698,archive\Training Data\Glacier\Glacier-Train (1087).jpeg
699,archive\Training Data\Glacier\Glacier-Train (1088).jpeg
700,archive\Training Data\Glacier\Glacier-Train (1089).jpeg
701,archive\Training Data\Glacier\Glacier-Train (109).jpeg
702,archive\Training Data\Glacier\Glacier-Train (1090).jpeg
703,archive\Training Data\Glacier\Glacier-Train (1091).jpeg
704,archive\Training Data\Glacier\Glacier-Train (1092).jpeg
705,archive\Training Data\Glacier\Glacier-Train (1093).jpeg
706,archive\Training Data\Glacier\Glacier-Train (1094).jpeg
707,archive\Training Data\Glacier\Glacier-Train (1095).jpeg
708,archive\Training Data\Glacier\Glacier-Train (1096).jpeg
709,archive\Training Data\Glacier\Glacier-Train (1097).jpeg
710,archive\Training Data\Glacier\Glacier-Train (1098).jpeg
711,archive\Training Data\Glacier\Glacier-Train (1099).jpeg
712,archive\Training Data\Glacier\Glacier-Train (11).jpeg
713,archive\Training Data\Glacier\Glacier-Train (110).jpeg
714,archive\Training Data\Glacier\Glacier-Train (1100).jpeg
715,archive\Training Data\Glacier\Glacier-Train (1101).jpeg
716,archive\Training Data\Glacier\Glacier-Train (1102).jpeg
717,archive\Training Data\Glacier\Glacier-Train (1103).jpeg
718,archive\Training Data\Glacier\Glacier-Train (1104).jpeg
719,archive\Training Data\Glacier\Glacier-Train (1105).jpeg
720,archive\Training Data\Glacier\Glacier-Train (1106).jpeg
721,archive\Training Data\Glacier\Glacier-Train (1107).jpeg
722,archive\Training Data\Glacier\Glacier-Train (1108).jpeg
723,archive\Training Data\Glacier\Glacier-Train (1109).jpeg
724,archive\Training Data\Glacier\Glacier-Train (111).jpeg
725,archive\Training Data\Glacier\Glacier-Train (1110).jpeg
726,archive\Training Data\Glacier\Glacier-Train (1111).jpeg
727,archive\Training Data\Glacier\Glacier-Train (1112).jpeg
728,archive\Training Data\Glacier\Glacier-Train (1113).jpeg
729,archive\Training Data\Glacier\Glacier-Train (1114).jpeg
730,archive\Training Data\Glacier\Glacier-Train (1115).jpeg
731,archive\Training Data\Glacier\Glacier-Train (1116).jpeg
732,archive\Training Data\Glacier\Glacier-Train (1117).jpeg
733,archive\Training Data\Glacier\Glacier-Train (1118).jpeg
734,archive\Training Data\Glacier\Glacier-Train (1119).jpeg
735,archive\Training Data\Glacier\Glacier-Train (112).jpeg
736,archive\Training Data\Glacier\Glacier-Train (1120).jpeg
737,archive\Training Data\Glacier\Glacier-Train (1121).jpeg
738,archive\Training Data\Glacier\Glacier-Train (1122).jpeg
739,archive\Training Data\Glacier\Glacier-Train (1123).jpeg
740,archive\Training Data\Glacier\Glacier-Train (1124).jpeg
741,archive\Training Data\Glacier\Glacier-Train (1125).jpeg
742,archive\Training Data\Glacier\Glacier-Train (1126).jpeg
743,archive\Training Data\Glacier\Glacier-Train (1127).jpeg
744,archive\Training Data\Glacier\Glacier-Train (1128).jpeg
745,archive\Training Data\Glacier\Glacier-Train (1129).jpeg
746,archive\Training Data\Glacier\Glacier-Train (113).jpeg
747,archive\Training Data\Glacier\Glacier-Train (1130).jpeg
748,archive\Training Data\Glacier\Glacier-Train (1131).jpeg
749,archive\Training Data\Glacier\Glacier-Train (1132).jpeg
750,archive\Training Data\Glacier\Glacier-Train (1133).jpeg
751,archive\Training Data\Glacier\Glacier-Train (1134).jpeg
752,archive\Training Data\Glacier\Glacier-Train (1135).jpeg
753,archive\Training Data\Glacier\Glacier-Train (1136).jpeg
754,archive\Training Data\Glacier\Glacier-Train (1137).jpeg
755,archive\Training Data\Glacier\Glacier-Train (1138).jpeg
756,archive\Training Data\Glacier\Glacier-Train (1139).jpeg
757,archive\Training Data\Glacier\Glacier-Train (114).jpeg
758,archive\Training Data\Glacier\Glacier-Train (1140).jpeg
759,archive\Training Data\Glacier\Glacier-Train (1141).jpeg
760,archive\Training Data\Glacier\Glacier-Train (1142).jpeg
761,archive\Training Data\Glacier\Glacier-Train (1143).jpeg
762,archive\Training Data\Glacier\Glacier-Train (1144).jpeg
763,archive\Training Data\Glacier\Glacier-Train (1145).jpeg
764,archive\Training Data\Glacier\Glacier-Train (1146).jpeg
765,archive\Training Data\Glacier\Glacier-Train (1147).jpeg
766,archive\Training Data\Glacier\Glacier-Train (1148).jpeg
767,archive\Training Data\Glacier\Glacier-Train (1149).jpeg
768,archive\Training Data\Glacier\Glacier-Train (115).jpeg
769,archive\Training Data\Glacier\Glacier-Train (1150).jpeg
770,archive\Training Data\Glacier\Glacier-Train (1151).jpeg
771,archive\Training Data\Glacier\Glacier-Train (1152).jpeg
772,archive\Training Data\Glacier\Glacier-Train (1153).jpeg
773,archive\Training Data\Glacier\Glacier-Train (1154).jpeg
774,archive\Training Data\Glacier\Glacier-Train (1155).jpeg
775,archive\Training Data\Glacier\Glacier-Train (1156).jpeg
776,archive\Training Data\Glacier\Glacier-Train (1157).jpeg
777,archive\Training Data\Glacier\Glacier-Train (1158).jpeg
778,archive\Training Data\Glacier\Glacier-Train (1159).jpeg
779,archive\Training Data\Glacier\Glacier-Train (116).jpeg
780,archive\Training Data\Glacier\Glacier-Train (1160).jpeg
781,archive\Training Data\Glacier\Glacier-Train (1161).jpeg
782,archive\Training Data\Glacier\Glacier-Train (1162).jpeg
783,archive\Training Data\Glacier\Glacier-Train (1163).jpeg
784,archive\Training Data\Glacier\Glacier-Train (1164).jpeg
785,archive\Training Data\Glacier\Glacier-Train (1165).jpeg
786,archive\Training Data\Glacier\Glacier-Train (1166).jpeg
787,archive\Training Data\Glacier\Glacier-Train (1167).jpeg
788,archive\Training Data\Glacier\Glacier-Train (1168).jpeg
789,archive\Training Data\Glacier\Glacier-Train (1169).jpeg
790,archive\Training Data\Glacier\Glacier-Train (117).jpeg
791,archive\Training Data\Glacier\Glacier-Train (1170).jpeg
792,archive\Training Data\Glacier\Glacier-Train (1171).jpeg
793,archive\Training Data\Glacier\Glacier-Train (1172).jpeg
794,archive\Training Data\Glacier\Glacier-Train (1173).jpeg
795,archive\Training Data\Glacier\Glacier-Train (1174).jpeg
796,archive\Training Data\Glacier\Glacier-Train (1175).jpeg
797,archive\Training Data\Glacier\Glacier-Train (1176).jpeg
798,archive\Training Data\Glacier\Glacier-Train (1177).jpeg
799,archive\Training Data\Glacier\Glacier-Train (1178).jpeg
800,archive\Training Data\Mountain\Mountain (2969).jpeg
801,archive\Training Data\Mountain\Mountain (2970).jpeg
802,archive\Training Data\Mountain\Mountain (2971).jpeg
803,archive\Training Data\Mountain\Mountain (2973).jpeg
804,archive\Training Data\Mountain\Mountain (2975).jpeg
805,archive\Training Data\Mountain\Mountain (2976).jpeg
806,archive\Training Data\Mountain\Mountain (2977).jpeg
807,archive\Training Data\Mountain\Mountain (2978).jpeg
808,archive\Training Data\Mountain\Mountain (2979).jpeg
809,archive\Training Data\Mountain\Mountain (2980).jpeg
810,archive\Training Data\Mountain\Mountain (2981).jpeg
811,archive\Training Data\Mountain\Mountain (2982).jpeg
812,archive\Training Data\Mountain\Mountain (2983).jpeg
813,archive\Training Data\Mountain\Mountain (2984).jpeg
814,archive\Training Data\Mountain\Mountain (2985).jpeg
815,archive\Training Data\Mountain\Mountain (2986).jpeg
816,archive\Training Data\Mountain\Mountain (2987).jpeg
817,archive\Training Data\Mountain\Mountain (2988).jpeg
818,archive\Training Data\Mountain\Mountain (2989).jpeg
819,archive\Training Data\Mountain\Mountain (2990).jpeg
820,archive\Training Data\Mountain\Mountain (2991).jpeg
821,archive\Training Data\Mountain\Mountain (2992).jpeg
822,archive\Training Data\Mountain\Mountain (2993).jpeg
823,archive\Training Data\Mountain\Mountain (2994).jpeg
824,archive\Training Data\Mountain\Mountain (2995).jpeg
825,archive\Training Data\Mountain\Mountain (2996).jpeg
826,archive\Training Data\Mountain\Mountain (2997).jpeg
827,archive\Training Data\Mountain\Mountain (2998).jpeg
828,archive\Training Data\Mountain\Mountain (2999).jpeg
829,archive\Training Data\Mountain\Mountain (3000).jpeg
830,archive\Training Data\Mountain\Mountain (3001).jpeg
831,archive\Training Data\Mountain\Mountain (3002).jpeg
832,archive\Training Data\Mountain\Mountain (3003).jpeg
833,archive\Training Data\Mountain\Mountain (3004).jpeg
834,archive\Training Data\Mountain\Mountain (3005).jpeg
835,archive\Training Data\Mountain\Mountain (3006).jpeg
836,archive\Training Data\Mountain\Mountain (3007).jpeg
837,archive\Training Data\Mountain\Mountain (3008).jpeg
838,archive\Training Data\Mountain\Mountain (3009).jpeg
839,archive\Training Data\Mountain\Mountain (3010).jpeg
840,archive\Training Data\Mountain\Mountain (3011).jpeg
841,archive\Training Data\Mountain\Mountain (3012).jpeg
842,archive\Training Data\Mountain\Mountain (3013).jpeg
843,archive\Training Data\Mountain\Mountain (3014).jpeg
844,archive\Training Data\Mountain\Mountain (3015).jpeg
845,archive\Training Data\Mountain\Mountain (3016).jpeg
846,archive\Training Data\Mountain\Mountain (3017).jpeg
847,archive\Training Data\Mountain\Mountain (3018).jpeg
848,archive\Training Data\Mountain\Mountain (3019).jpeg
849,archive\Training Data\Mountain\Mountain (3020).jpeg
850,archive\Training Data\Mountain\Mountain (3021).jpeg
851,archive\Training Data\Mountain\Mountain (3022).jpeg
852,archive\Training Data\Mountain\Mountain (3023).jpeg
853,archive\Training Data\Mountain\Mountain (3024).jpeg
854,archive\Training Data\Mountain\Mountain (3025).jpeg
855,archive\Training Data\Mountain\Mountain (3026).jpeg
856,archive\Training Data\Mountain\Mountain (3027).jpeg
857,archive\Training Data\Mountain\Mountain (3028).jpeg
858,archive\Training Data\Mountain\Mountain (3029).jpeg
859,archive\Training Data\Mountain\Mountain (3030).jpeg
860,archive\Training Data\Mountain\Mountain (3031).jpeg
861,archive\Training Data\Mountain\Mountain (3032).jpeg
862,archive\Training Data\Mountain\Mountain (3033).jpeg
863,archive\Training Data\Mountain\Mountain (3034).jpeg
864,archive\Training Data\Mountain\Mountain (3035).jpeg
865,archive\Training Data\Mountain\Mountain (3041).jpeg
866,archive\Training Data\Mountain\Mountain (3042).jpeg
867,archive\Training Data\Mountain\Mountain (3043).jpeg
868,archive\Training Data\Mountain\Mountain (3044).jpeg
869,archive\Training Data\Mountain\Mountain (3045).jpeg
870,archive\Training Data\Mountain\Mountain (3046).jpeg
871,archive\Training Data\Mountain\Mountain (3047).jpeg
872,archive\Training Data\Mountain\Mountain (3048).jpeg
873,archive\Training Data\Mountain\Mountain (3049).jpeg
874,archive\Training Data\Mountain\Mountain (3050).jpeg
875,archive\Training Data\Mountain\Mountain (3051).jpeg
876,archive\Training Data\Mountain\Mountain (3052).jpeg
877,archive\Training Data\Mountain\Mountain (3053).jpeg
878,archive\Training Data\Mountain\Mountain (3054).jpeg
879,archive\Training Data\Mountain\Mountain (3055).jpeg
880,archive\Training Data\Mountain\Mountain (3056).jpeg
881,archive\Training Data\Mountain\Mountain (3057).jpeg
882,archive\Training Data\Mountain\Mountain (3058).jpeg
883,archive\Training Data\Mountain\Mountain (3059).jpeg
884,archive\Training Data\Mountain\Mountain (3060).jpeg
885,archive\Training Data\Mountain\Mountain (3061).jpeg
886,archive\Training Data\Mountain\Mountain (3062).jpeg
887,archive\Training Data\Mountain\Mountain (3063).jpeg
888,archive\Training Data\Mountain\Mountain (3064).jpeg
889,archive\Training Data\Mountain\Mountain (3065).jpeg
890,archive\Training Data\Mountain\Mountain (3066).jpeg
891,archive\Training Data\Mountain\Mountain (3067).jpeg
892,archive\Training Data\Mountain\Mountain (3068).jpeg
893,archive\Training Data\Mountain\Mountain (3069).jpeg
894,archive\Training Data\Mountain\Mountain (3070).jpeg
895,archive\Training Data\Mountain\Mountain (3071).jpeg
896,archive\Training Data\Mountain\Mountain (3072).jpeg
897,archive\Training Data\Mountain\Mountain (3073).jpeg
898,archive\Training Data\Mountain\Mountain (3074).jpeg
899,archive\Training Data\Mountain\Mountain (3075).jpeg
900,archive\Training Data\Mountain\Mountain (3076).jpeg
901,archive\Training Data\Mountain\Mountain (3077).jpeg
902,archive\Training Data\Mountain\Mountain (3078).jpeg
903,archive\Training Data\Mountain\Mountain (3079).jpeg
904,archive\Training Data\Mountain\Mountain (3080).jpeg
905,archive\Training Data\Mountain\Mountain (3081).jpeg
906,archive\Training Data\Mountain\Mountain (3082).jpeg
907,archive\Training Data\Mountain\Mountain (3083).jpeg
908,archive\Training Data\Mountain\Mountain (3084).jpeg
909,archive\Training Data\Mountain\Mountain (3085).jpeg
910,archive\Training Data\Mountain\Mountain (3086).jpeg
911,archive\Training Data\Mountain\Mountain (3087).jpeg
912,archive\Training Data\Mountain\Mountain (3088).jpeg
913,archive\Training Data\Mountain\Mountain (3089).jpeg
914,archive\Training Data\Mountain\Mountain (3090).jpeg
915,archive\Training Data\Mountain\Mountain (3091).jpeg
916,archive\Training Data\Mountain\Mountain (3092).jpeg
917,archive\Training Data\Mountain\Mountain (3093).jpeg
918,archive\Training Data\Mountain\Mountain (3094).jpeg
919,archive\Training Data\Mountain\Mountain (3095).jpeg
920,archive\Training Data\Mountain\Mountain (3096).jpeg
921,archive\Training Data\Mountain\Mountain (3097).jpeg
922,archive\Training Data\Mountain\Mountain (3098).jpeg
923,archive\Training Data\Mountain\Mountain (3099).jpeg
924,archive\Training Data\Mountain\Mountain (3100).jpeg
925,archive\Training Data\Mountain\Mountain (3101).jpeg
926,archive\Training Data\Mountain\Mountain (3102).jpeg
927,archive\Training Data\Mountain\Mountain (3103).jpeg
928,archive\Training Data\Mountain\Mountain (3104).jpeg
929,archive\Training Data\Mountain\Mountain (3105).jpeg
930,archive\Training Data\Mountain\Mountain (3106).jpeg
931,archive\Training Data\Mountain\Mountain (3107).jpeg
932,archive\Training Data\Mountain\Mountain (3108).jpeg
933,archive\Training Data\Mountain\Mountain (3109).jpeg
934,archive\Training Data\Mountain\Mountain (3110).jpeg
935,archive\Training Data\Mountain\Mountain (3111).jpeg
936,archive\Training Data\Mountain\Mountain (3112).jpeg
937,archive\Training Data\Mountain\Mountain (3113).jpeg
938,archive\Training Data\Mountain\Mountain (3114).jpeg
939,archive\Training Data\Mountain\Mountain (3115).jpeg
940,archive\Training Data\Mountain\Mountain (3116).jpeg
941,archive\Training Data\Mountain\Mountain (3117).jpeg
942,archive\Training Data\Mountain\Mountain (3118).jpeg
943,archive\Training Data\Mountain\Mountain (3119).jpeg
944,archive\Training Data\Mountain\Mountain (3120).jpeg
945,archive\Training Data\Mountain\Mountain (3121).jpeg
946,archive\Training Data\Mountain\Mountain (3122).jpeg
947,archive\Training Data\Mountain\Mountain (3123).jpeg
948,archive\Training Data\Mountain\Mountain (3124).jpeg
949,archive\Training Data\Mountain\Mountain (3125).jpeg
950,archive\Training Data\Mountain\Mountain (3126).jpeg
951,archive\Training Data\Mountain\Mountain (3127).jpeg
952,archive\Training Data\Mountain\Mountain (3128).jpeg
953,archive\Training Data\Mountain\Mountain (3129).jpeg
954,archive\Training Data\Mountain\Mountain (3130).jpeg
955,archive\Training Data\Mountain\Mountain (3131).jpeg
956,archive\Training Data\Mountain\Mountain (3132).jpeg
957,archive\Training Data\Mountain\Mountain (3133).jpeg
958,archive\Training Data\Mountain\Mountain (3134).jpeg
959,archive\Training Data\Mountain\Mountain (3135).jpeg
960,archive\Training Data\Mountain\Mountain (3136).jpeg
961,archive\Training Data\Mountain\Mountain (3137).jpeg
962,archive\Training Data\Mountain\Mountain (3138).jpeg
963,archive\Training Data\Mountain\Mountain (3139).jpeg
964,archive\Training Data\Mountain\Mountain (3140).jpeg
965,archive\Training Data\Mountain\Mountain (3141).jpeg
966,archive\Training Data\Mountain\Mountain (3142).jpeg
967,archive\Training Data\Mountain\Mountain (3143).jpeg
968,archive\Training Data\Mountain\Mountain (3144).jpeg
969,archive\Training Data\Mountain\Mountain (3145).jpeg
970,archive\Training Data\Mountain\Mountain (3146).jpeg
971,archive\Training Data\Mountain\Mountain (3147).jpeg
972,archive\Training Data\Mountain\Mountain (3148).jpeg
973,archive\Training Data\Mountain\Mountain (3149).jpeg
974,archive\Training Data\Mountain\Mountain (3150).jpeg
975,archive\Training Data\Mountain\Mountain (3151).jpeg
976,archive\Training Data\Mountain\Mountain (3152).jpeg
977,archive\Training Data\Mountain\Mountain (3153).jpeg
978,archive\Training Data\Mountain\Mountain (3154).jpeg
979,archive\Training Data\Mountain\Mountain (3155).jpeg
980,archive\Training Data\Mountain\Mountain (3156).jpeg
981,archive\Training Data\Mountain\Mountain (3157).jpeg
982,archive\Training Data\Mountain\Mountain (3158).jpeg
983,archive\Training Data\Mountain\Mountain (3159).jpeg
984,archive\Training Data\Mountain\Mountain (3160).jpeg
985,archive\Training Data\Mountain\Mountain (3161).jpeg
986,archive\Training Data\Mountain\Mountain (3162).jpeg
987,archive\Training Data\Mountain\Mountain (3163).jpeg
988,archive\Training Data\Mountain\Mountain (3164).jpeg
989,archive\Training Data\Mountain\Mountain (3165).jpeg
990,archive\Training Data\Mountain\Mountain (3166).jpeg
991,archive\Training Data\Mountain\Mountain (3167).jpeg
992,archive\Training Data\Mountain\Mountain (3168).jpeg
993,archive\Training Data\Mountain\Mountain (3169).jpeg
994,archive\Training Data\Mountain\Mountain (3170).jpeg
995,archive\Training Data\Mountain\Mountain (3171).jpeg
996,archive\Training Data\Mountain\Mountain (3172).jpeg
997,archive\Training Data\Mountain\Mountain (3173).jpeg
998,archive\Training Data\Mountain\Mountain (3174).jpeg
999,archive\Training Data\Mountain\Mountain (3175).jpeg
